=counta( r[2]c:r_c )	=sum( r[2]c:r_c )	=counta( r[2]c:r_c )		=sum( r[2]c:r_c )	= 100 * rc5 / rc2
Constituency Name	Electorate	Candidate (* = incumbent MP)	Party	Votes	County	Region

Aberavon	50071	WG Cove	Labour	30498	West Glamorgan	Wales
		JW Loveridge	Conservative	11878

Aberdare	51423	DE Thomas	Labour	34783	Mid Glamorgan and Gwent	Wales
		J Lewis	Conservative	6810
		W Samuel	Plaid Cymru	2691

Aberdeen North	62817	H Hughes	Labour	33711	Grampian	East Scotland
		F Magee	Conservative	18365

Aberdeen South	59589	Lady Tweedsmuir	Conservative	28947	Grampian	East Scotland
		S Shaw	Labour	20325

Aberdeenshire East	52475	RJG Boothby	Conservative	24985	Grampian	East Scotland
		A Whipp	Labour	11730

Aberdeenshire West	41078	HR Spence	Conservative	17761	Grampian	East Scotland
		H Hogg	Labour	7278
		M Mackie	Liberal	7128

Abertillery	40128	L Williams	Labour	29321	Mid Glamorgan and Gwent	Wales
		J Radcliffe	Conservative	4404

Abingdon	55856	RGC Glyn	Conservative	24774	Oxfordshire	West
		JEG Curthoys	Labour	19891

Accrington	52705	H Hynd	Labour	24802	Lancashire	Lancashire
		FHGH Goodhart	Conservative	22611

Acton	51292	JA Sparks	Labour	23287	Ealing	South London
		LF Ramseyer	Conservative	21296

Aldershot	53123	O Lyttleton	Conservative	24951	Hampshire	South
		RN Hales	Labour	16402

Altrincham and Sale	61285	FJ Erroll	Conservative	33987	Central Manchester	Greater Manchester
		JB O'Hara	Labour	17465

Anglesey	36117	C Hughes	Labour	11814	Gwynedd	Wales
		M Lloyd-George	Liberal	11219
		OM Roberts	Conservative	6366

Angus North and Mearns	37836	CN Thornton-Kemsley	Liberal and Conservative	18515	Tayside	East Scotland
		J Machie	Labour	10356

Angus South	45073	JAL Duncan	Liberal and Conservative	24478	Tayside	East Scotland
		J Harold	Labour	10028

Antrim North	68448	RWH O'Neill	Ulster Unionist Party	1	Northern Ireland	Northern Ireland

Antrim South	79533	DL Savory	Ulster Unionist Party	1	Northern Ireland	Northern Ireland

Argyll	46357	D McCallum	Conservative	21191	Argyll and Bute	West Scotland
		R Young	Labour	9925

Armagh	71973	JRE Harden	Ulster Unionist Party	1	Northern Ireland	Northern Ireland

Arundel and Shoreham	66515	WN Cuthbert	Conservative	34946	West Sussex	South East
		M Reid	Labour	16923

Ashford	49715	WF Deedes	Conservative	24093	Kent	South East
		ND Sandelson	Labour	16645

Ashton under Lyne	48490	H Rhodes	Labour	21424	Eastern Manchester	Greater Manchester
		K Lewis	Conservative	19740

Aylesbury	48181	GS Summers	Conservative	22455	Buckinghamshire	Essex
		AS Harman	Labour	17605

Ayr	43582	TCR Moore	Conservative	21985	Ayrshire and Lanark	West Scotland
		JMJ Auld	Labour	15702

Ayrshire Central	46734	AC Manuel	Labour	21003	Ayrshire and Lanark	West Scotland
		WR Milligan	Conservative	19310

Ayrshire North and Bute	45129	CG MacAndrew	Conservative	22361	Ayrshire and Lanark	West Scotland
		JD Mabon	Labour	12492

Ayrshire South	44999	E Hughes	Labour	22576	Ayrshire and Lanark	West Scotland
		DMH Smith	Conservative	14740

Banbury	59897	AD Dodds-Parker	Conservative	23246	Oxfordshire	West
		WJ Bird	Labour	19672
		LW Robson	Liberal	6706

Banffshire	35920	WS Duthie	Conservative	16562	Grampian	East Scotland
		A Flett	Labour	6806

Barking	55219	S Hastings	Labour	30486	Barking and Dagenham	North London
		MTB Underhill	Conservative	11340
		NH Cork	Liberal	3387

Barkston Ash	51372	L Ropner	Conservative	25155	North Yorkshire	Yorkshire
		HV Wiseman	Labour	18537

Barnet	72608	R Maudling	Conservative	35527	Barnet	North London
		CR Fenton	Labour	22375
		WH Jones	Liberal	4463

Barnsley	69694	S Schofield	Labour	37523	South Yorkshire	Humberside
		G Whittaker	Conservative and National Liberal	9296
		GH Walker	Liberal	7002

Barrow-in-Furness	54459	W Monslow	Labour	26709	Cumbria	North
		KF Lawton	Conservative	20225

Barry	55034	HR Gower	Conservative	24715	South Glamorgan	Wales
		D Rees	Labour	23066

Basingstoke	58385	PW Donner	Conservative	26045	Hampshire	South
		A Carr	Labour	20580

Bassetlaw	64139	FJ Bellenger	Labour	32850	Nottinghamshire	East Midlands
		WA Sime	Conservative	21257

Bath	58799	IJ Pitman	Conservative	27826	Bristol Area	West
		CJV Mishcon	Labour	22530

Batley and Morley	57453	ADD Broughton	Labour	29326	West Yorkshire	Yorkshire
		R Northam	Conservative	19811

Battersea North	44478	DPT Jay	Labour	25882	Wandsworth	South London
		WI Percival	Conservative	9805

Battersea South	40848	E Partridge	Conservative	17731	Wandsworth	South London
		CS Ganley	Labour	17237

Bebington	66742	HD Oakshott	Conservative	30611	Cheshire	Severn
		EW Harby	Labour	22190
		TM Banks	Liberal	4477

Beckenham	74370	PGT Buchan-Hepburn	Conservative	41282	Bromley	South London
		AP Magonet	Labour	19982

Bedford	54047	ACJ Soames	Conservative	23278	Bedfordshire	East Anglia
		P Parker	Labour	20494
		FH Philpott	Liberal	3323

Bedfordshire Mid	50811	AT Lennox-Boyd	Conservative	19681	Bedfordshire	East Anglia
		TL Taylor	Labour	17818
		D Tweddle	Liberal	5863

Bedfordshire South	51887	NJ Cole	Liberal and Conservative	22917	Bedfordshire	East Anglia
		EW Moeran	Labour	22068

Bedwellty	44417	HJ Finch	Labour	31582	Mid Glamorgan and Gwent	Wales
		J Smith	Conservative	6339

Belfast East	62798	AJ McKibbin	Ulster Unionist Party	28881	Northern Ireland	Northern Ireland
		TW Boyd	Labour	17910

Belfast North	76243	HM Hyde	Ulster Unionist Party	34995	Northern Ireland	Northern Ireland
		J Morrow	Labour	22685

Belfast South	66212	CH Gage	Ulster Unionist Party	37046	Northern Ireland	Northern Ireland
		R McBrinn	Labour	11815

Belfast West	78828	J Beattie	Irish Labour	33174	Northern Ireland	Northern Ireland
		TL Teevan	Ulster Unionist Party	33149

Belper	66325	GA Brown	Labour	32875	Derbyshire	East Midlands
		SF Middup	Conservative	24678

Bermondsey	42587	RJ Mellish	Labour	26267	Southwark	South London
		RJD Manders	Conservative	5265
		HB Wilson	Liberal	1779

Berwick and East Lothian	50934	WJ Anstruther-Gray	Conservative	22510	Edinburgh area	East Scotland
		JJ Robertson	Labour	20152

Berwick-upon-Tweed	42438	Visc Lambton	Conservative	17632	Northumberland	North
		TH Jones	Labour	11069
		JB Frankenburg	Liberal	4759

Bethnal Green	41830	P Holman	Labour	22162	Tower Hamlets	North London
		RI Douglas	Liberal	6567
		L Goodman	Conservative	3046

Beverley	59067	GW Odey	Conservative	27937	Humberside	Humberside
		T Brennan	Labour	12778
		HS Freemantle	Liberal	6522

Bexley	64349	ERG Heath	Conservative	29069	Bexley	South London
		EA Bramall	Labour	27430

Billericay	61652	BR Braine	Conservative	26936	Essex	Essex
		BR Clapham	Labour	20613

Bilston	61299	W Nally	Labour	31381	West Midlands	West Midlands
		CG Spencer	Conservative	19352

Birkenhead	63762	PH Collick	Labour	29014	Merseyside	Lancashire
		M Reney-Smith	Conservative	23765

Birmingham Aston	59777	WL Wyatt	Labour	27899	Birmingham	West Midlands
		C Sweet	Conservative	16136
		SW Keatley	Independent	545

Birmingham Edgbaston	60278	PFB Bennett	Conservative	29477	Birmingham	West Midlands
		WJS Pringle	Labour	16373

Birmingham Erdington	67425	J Silverman	Labour	29561	Birmingham	West Midlands
		DH Broome	Conservative	26153

Birmingham Hall Green	58077	A Jones	Conservative	27289	Birmingham	West Midlands
		T Crehan	Labour	20874

Birmingham Handsworth	57830	ECG Boyle	Conservative	27201	Birmingham	West Midlands
		RW Evely	Labour	18494

Birmingham King's Norton	64661	GW Lloyd	Conservative	30456	Birmingham	West Midlands
		DH Howell	Labour	22325

Birmingham Ladywood	52223	VF Yates	Labour	24088	Birmingham	West Midlands
		L Seymour	Conservative	16331

Birmingham Northfield	60363	WD Chapman	Labour	26580	Birmingham	West Midlands
		M Chandler	Conservative	23730

Birmingham Perry Barr	49548	CC Poole	Labour	23322	Birmingham	West Midlands
		SA Ward	Conservative	16855

Birmingham Small Heath	63504	F Longden	Labour	31079	Birmingham	West Midlands
		F Irwin	Conservative	15156
		FG Smith	Liberal	2779

Birmingham Sparkbrook	51607	PLE Shurmer	Labour	24184	Birmingham	West Midlands
		RTH Lonsdale	Conservative	15248

Birmingham Stechford	70951	RH Jenkins	Labour	34355	Birmingham	West Midlands
		EM Pitt	Conservative	23384

Birmingham Yardley	51994	HC Usborne	Labour	22800	Birmingham	West Midlands
		AE Shaw	Conservative	20099

Bishop Auckland	50280	H Dalton	Labour	25881	Durham	North
		BL Butcher	Conservative	16895

Blackburn East	41310	BA Castle	Labour	19661	Lancashire	Lancashire
		JA Leavey	Conservative	17029

Blackburn West	41285	R Assheton	Conservative	19695	Lancashire	Lancashire
		RW Casasola	Labour	16996

Blackpool North	58271	ARW Low	Conservative	29956	Lancashire	Lancashire
		SV Hyde-Price	Labour	12727

Blackpool South	55910	JR Robinson	Conservative	28171	Lancashire	Lancashire
		K Lomas	Labour	13750

Blaydon	47445	W Whiteley	Labour	28337	Newcastle area	North
		CPL Satchwell	Conservative	13223

Blyth	62615	A Robens	Labour	39823	Northumberland	North
		G Peters	Conservative	14184

Bodmin	46673	D Marshall	Conservative	20086	Cornwall	South West
		TS Roseveare	Liberal	10088
		W Royle	Labour	9244

Bolsover	49362	H Neal	Labour	33661	Derbyshire	East Midlands
		JK Cordeaux	Conservative	8472

Bolton East	63546	PI Bell	Conservative	27106	Western Manchester	Greater Manchester
		A Booth	Labour	26751

Bolton West	58725	AF Holt	Liberal	26271	Western Manchester	Greater Manchester
		J Lewis	Labour	23523

Bootle	62151	J Kinley	Labour	26597	Merseyside	Lancashire
		AO Hughes	Conservative	22535
		H McHugh	Anti-Partition of Ireland League	1340

Bosworth	63084	AC Allen	Labour	30767	Leicestershire	East Midlands
		DC Bray	Conservative	23122

Bothwell	54814	J Timmons	Labour	26529	Ayrshire and Lanark	West Scotland
		NJK Cadzow	Conservative	20591

Bournemouth East and Christchurch	56936	B Bracken	Conservative	29138	Dorset	South West
		HJ Barnes	Labour	11550
		JC Holland	Liberal	5338

Bournemouth West	65369	Visc Cranborne	Conservative	33269	Dorset	South West
		CMJ Hart	Labour	17532

Bradford Central	49625	M Webb	Labour	25215	West Yorkshire	Yorkshire
		A Tiley	Conservative and National Liberal	16343

Bradford East	54335	F McLeavey	Labour	28796	West Yorkshire	Yorkshire
		FWH Cook	Conservative and National Liberal	16999

Bradford North	51836	WJ Taylor	Conservative and National Liberal	24524	West Yorkshire	Yorkshire
		EJ Parris	Labour	20647

Bradford South	52544	G Craddock	Labour	21364	West Yorkshire	Yorkshire
		GF Greenbank	Conservative and National Liberal	17863
		E Rushworth	Liberal	6072

Brecon and Radnor	52728	TE Watkins	Labour	24572	Powys	Wales
		JD Gibson-Watt	Conservative	22489

Brentford and Chiswick	43755	PB Lucas	Conservative	19612	Hounslow	South London
		L Lewis	Labour	18102

Bridgwater	53198	G Wills	Conservative	25365	Somerset	South West
		N Carr	Labour	19656

Bridlington	63860	RF Wood	Conservative	30576	Humberside	Humberside
		G McQuade	Labour	12931
		D Moore	Liberal	6546

Brierley Hill	57322	CJ Simmons	Labour	25510	West Midlands	West Midlands
		J Dalley	Conservative	23212

Brigg	65775	EL Mallalieu	Labour	31151	Humberside	Humberside
		CP Lawson	Conservative	23062

Brighouse and Spenborough	56300	LJ Edwards	Labour	26105	West Yorkshire	Yorkshire
		WE Wooley	Conservative and National Liberal	23828

Brighton Kemptown	60483	HS Johnson	Conservative	25923	East Sussex	South East
		LC Cohen	Labour	20726

Brighton Pavilion	56361	LWB Teeling	Conservative	29167	East Sussex	South East
		ER Littlejohn	Labour	13410

Bristol Central	50341	SS Awberry	Labour	26091	Bristol Area	West
		KAP Dalby	Conservative	15725

Bristol North East	49911	W Coldrick	Labour	21910	Bristol Area	West
		GM Nixon-Eckersall	Conservative and National Liberal	19410

Bristol North West	61506	JG Braithwaite	Conservative	28394	Bristol Area	West
		C Morris	Labour	24553

Bristol South	47576	WA Wilkins	Labour	24444	Bristol Area	West
		HEP Buckle	Conservative	14161

Bristol South East	57481	ANW Benn	Labour	30811	Bristol Area	West
		JL Lindsay	Conservative	16555

Bristol West	50517	W Monckton	Conservative	25858	Bristol Area	West
		H Lawrance	Labour	11716
		D Goldblatt	Liberal	3115

Brixton	55362	M Lipton	Labour	24776	Lambeth	South London
		PM Marlowe	Conservative	19423

Bromley	48486	H Macmillan	Conservative	25710	Bromley	South London
		T McKitterick	Labour	13585

Bromsgrove	58765	JMC Higgs	Conservative	26736	Hereford and Worcestershire	Severn
		D Chesworth	Labour	24083

Broxtowe	57785	FS Cocks	Labour	35317	Nottinghamshire	East Midlands
		AJ Gorman	Conservative	13274

Buckingham	52310	SF Markham	Conservative	22688	Buckinghamshire	Essex
		AM Crawley	Labour	22634

Buckinghamshire South	56373	RM Bell	Conservative	30976	Buckinghamshire	Essex
		CA Dee	Labour	14170

Burnley	62364	WA Burke	Labour	31261	Lancashire	Lancashire
		DP Dunkley	Conservative	24034

Burton	56813	A Colegate	Conservative	24884	Staffordshire	Severn
		JT Stonehouse	Labour	24151

Bury and Radcliffe	67090	W Fletcher	Conservative	29949	Western Manchester	Greater Manchester
		LET Wright	Labour	28058

Bury St Edmunds	56851	WT Aitken	Conservative	24679	Suffolk	East Anglia
		N Stanley	Labour	20690

Caernarvon	43453	GO Roberts	Labour	22375	Gwynedd	Wales
		JEB Davies	Conservative	13479

Caerphilly	46893	N Edwards	Labour	30523	Mid Glamorgan and Gwent	Wales
		KG Knee	Conservative	9041

Caithness and Sutherland	27180	D Robertson	Conservative	9814	Highland	East Scotland
		R Murray	Labour	6799
		PJM McEwan	Liberal	3299

Cambridge	60064	HW Kerr	Conservative	26570	Cambridgeshire	East Anglia
		AL Symonds	Labour	20893
		FL Josephy	Liberal	3257

Cambridgeshire	57430	SG Howard	Conservative	25095	Cambridgeshire	East Anglia
		HDLG Walston	Labour	21558

Cannock	58254	J Lee	Labour	32379	Staffordshire	Severn
		A Farrington	Conservative and Liberal	16041

Canterbury	58546	J Baker White	Conservative	28632	Kent	South East
		JAE Jones	Labour	14543
		TH Payne	Liberal	3695

Cardiff North	60767	DT Llewellyn	Conservative	29408	South Glamorgan	Wales
		J Evans	Labour	22600

Cardiff South East	60902	LJ Callaghan	Labour	28112	South Glamorgan	Wales
		H West	Conservative	23613

Cardiff West	62528	G Thomas	Labour	28995	South Glamorgan	Wales
		AL Hallinan	Conservative	23595

Cardigan	41977	ER Bowen	Liberal	19959	Dyfed	Wales
		B Williams	Labour	9697

Carlisle	48026	A Hargreaves	Labour	19648	Cumbria	North
		NT O'Reilly	Conservative	16456
		DM Gorsky	Liberal	5886

Carlton	56362	KWM Pickthorn	Conservative	24429	Nottinghamshire	East Midlands
		F Paton	Labour	20685
		GWH Parker	Liberal	3930

Carmarthen	58709	R Hopkin Morris	Liberal	25632	Dyfed	Wales
		D Owen	Labour	25165

Carshalton	65313	AH Head	Conservative	32634	Sutton	South London
		CH Davies	Labour	22928

Cheadle	60266	WS Shepherd	Conservative	32369	Eastern Manchester	Greater Manchester
		GH Jones	Labour	12910
		GE Samways	Liberal	6388

Chelmsford	63433	H Ashton	Conservative	29069	Essex	Essex
		J Haworth	Labour	23775

Chelsea	51433	AHP Noble	Conservative	25034	Kensington and Chelsea	North London
		FL Tonge	Labour	10784

Cheltenham	49844	WWH Beach	Conservative	23674	Gloucestershire	West
		J Finnigan	Labour	17777

Chertsey	47307	LF Heald	Conservative	20539	Surrey	South
		D Gordon	Labour	14849
		GE Owen	Liberal	2961

Chester, City Of	55346	BE Nield	Conservative	26743	Cheshire	Severn
		JG Hughes	Labour	18958

Chesterfield	64762	G Benson	Labour	34753	Derbyshire	East Midlands
		JF Nash	Conservative and National Liberal	19776

Chester-le-Street	53260	P Bartley	Labour	35511	Durham	North
		HJM Millican	Conservative	10632

Chichester	59667	LW Joynson-Hicks	Conservative	32166	West Sussex	South East
		DG Packham	Labour	13971

Chippenham	49517	D McA Eccles	Conservative	22601	Wiltshire	West
		DR Evans	Labour	17723

Chislehurst	70906	MP Hornsby-Smith	Conservative	31679	Bromley	South London
		GD Wallace	Labour	30699

Chorley	55603	C Kenyon	Labour	24771	Lancashire	Lancashire
		AGF Hall-Davies	Conservative	24188

Cirencester and Tewkesbury	58103	WS Morrison	Conservative	26978	Gloucestershire	West
		AE Sumbler	Labour	18353

Stirlingshire East and Clackmannan	50142	A Woodburn	Labour	25231	Central	East Scotland
		SD Loch	Conservative	17727

Clapham	59610	CW Gibson	Labour	25053	Wandsworth	South London
		RL Lowndes	Conservative	23745

Cleveland	66963	OG Willey	Labour	31237	Cleveland	North
		PHB Wall	Conservative	25756

Clitheroe	46150	R Fort	Conservative	23007	Lancashire	Lancashire
		H Bradley	Labour	18582

Coatbridge and Airdrie	49075	J Mann	Labour	24159	Glasgow area	West Scotland
		J McMillan	Conservative	17952

Colchester	54551	CJM Alport	Conservative	25063	Essex	Essex
		XN Field	Labour	21217

Colne Valley	58243	WG Hall	Labour	26455	West Yorkshire	Yorkshire
		HV Bonham Carter	Liberal	24266

Consett	60622	JE Glanville	Labour	35705	Durham	North
		GFH Walker	Conservative	15861

Conway	46425	PJM Thomas	Conservative	17115	Clwyd	Wales
		WEE Jones	Labour	16532
		HE Hooson	Liberal	5791

Cornwall North	43084	H Roper	Conservative	18009	Cornwall	South West
		DM Foot	Liberal	12869
		W Ferman	Labour	6049

Coventry East	60115	RHS Crossman	Labour	32108	West Midlands	West Midlands
		GB Welby	Conservative	19437

Coventry North	57957	M Edelman	Labour	29826	West Midlands	West Midlands
		HS Clippingdale	Conservative	20238

Coventry South	61590	EF Burton	Labour	29271	West Midlands	West Midlands
		JA Biggs-Davison	Conservative	23803

Crewe	63011	SS Allen	Labour	28488	Cheshire	Severn
		JRT Turner	Conservative	26045

Crosby	44232	M Bullock	Conservative	25034	Merseyside	Lancashire
		EME Edwards	Labour	10251

Croydon East	65204	HG Williams	Conservative	32282	Croydon	South London
		A Bain	Labour	22615

Croydon North	64522	FW Harris	Conservative	29984	Croydon	South London
		RE Prentice	Labour	19738
		BD Collins	Liberal	4272

Croydon West	54496	RHM Thompson	Conservative	23484	Croydon	South London
		GA Gardiner	Labour	21534

Dagenham	75939	J Parker	Labour	44908	Barking and Dagenham	North London
		NAF StJ Stevas	Conservative	14112

Darlington	60728	F Graham	Conservative	26858	Cleveland	North
		DR Hardman	Labour	26045

Dartford	79620	NN Dodds	Labour	40094	Kent	South East
		MH Roberts	Conservative	27760

Darwen	41321	C Fletcher-Cooke	Conservative	17785	Lancashire	Lancashire
		R Haines	Labour	14605
		RF Leslie	Liberal	4236

Dearne Valley	58204	W Paling	Labour	39782	South Yorkshire	Humberside
		J Sizer	Conservative	10197

Denbigh	54011	EHG Evans	National Liberal	20269	Clwyd	Wales
		JI Jones	Labour	12354
		HEP Roberts	Liberal	11758

Deptford	55200	LA Plummer	Labour	28878	Lewisham	South London
		I Dowling	Conservative	15431

Derby North	47541	CAB Wilcock	Labour	22390	Derbyshire	East Midlands
		VE Waldron	Conservative	16828

Derby South	51681	PJ Noel-Baker	Labour	27333	Derbyshire	East Midlands
		RCD Grimes	Conservative	16344

Derbyshire North East	59284	H White	Labour	33376	Derbyshire	East Midlands
		P Hughes	Conservative	16655

Derbyshire South East	72538	AJ Champion	Labour	33020	Derbyshire	East Midlands
		JC Jennings	Conservative	29663

Derbyshire West	44786	EB Wakefield	Conservative	22223	Derbyshire	East Midlands
		RH Lewis	Labour	15578

Devizes	47981	MC Hollis	Conservative	20319	Wiltshire	West
		WE Cave	Labour	18742

Devon North	44975	CHM Peto	Conservative	19780	Devon	South West
		WH Wilkey	Labour	10632
		GA Halse	Liberal	7326

Dewsbury	62680	WT Paling	Labour	28650	West Yorkshire	Yorkshire
		JE Ramsden	Conservative and National Liberal	19562
		JS Snowden	Liberal	5584

Doncaster	57581	APL Barber	Conservative	25005	South Yorkshire	Humberside
		RJ Gunter	Labour	24621

Don Valley	62345	T Williams	Labour	39687	South Yorkshire	Humberside
		DSB Hopkins	Conservative	13862

Dorking	45969	GC Touche	Conservative	24416	Surrey	South
		JD Richards	Labour	12664

Dorset North	42815	RF Crouch	Conservative	17392	Dorset	South West
		CF Byers	Liberal	16645
		JRT Griffith	Labour	2946

Dorset South	53501	Visc Hitchingbrooke	Conservative	21679	Dorset	South West
		FN Stacey	Labour	18244
		WE Ward	Liberal	5005

Dorset West	43900	KSDW Digby	Conservative	21739	Dorset	South West
		CJ Kane	Labour	14308

Dover	62402	JS-W Arbuthnot	Conservative	28511	Kent	South East
		WJ Owen	Labour	24995

Down North	80921	WD Smiles	Ulster Unionist Party	43285	Northern Ireland	Northern Ireland
		AH McElroy	Labour	9914

Down South	79001	LPS Orr	Ulster Unionist Party	37789	Northern Ireland	Northern Ireland
		GF Annesley	Irish Republican	26976

Droylsden	59772	WR Williams	Labour	26829	Eastern Manchester	Greater Manchester
		W Howard	Conservative	24959

Dudley	70413	GEC Wigg	Labour	34376	West Midlands	West Midlands
		HB Soref	Conservative	24525

Dulwich	66473	RCD Jenkins	Conservative	26579	Lambeth	South London
		WF Vernon	Labour	25888
		P Baker	Liberal	3302

Dumfries	53706	NMS Macpherson	Liberal and Conservative	26386	Dumfries and Galloway	West Scotland
		GBA Douglas	Labour	16669

Dunbartonshire East	59987	CR Bence	Labour	26678	Glasgow area	West Scotland
		WSI Whitelaw	Conservative	23252
		A Henderson	Communist	2158

Dunbartonshire West	49107	T Steele	Labour	21799	Glasgow area	West Scotland
		PWN Fraser	Conservative	19292
		LL Maitland	Liberal	1415

Dundee East	56784	TF Cook	Labour	26668	Tayside	East Scotland
		JS Murray	Conservative	22863

Dundee West	64798	EJ St L Strachey	Labour	29020	Tayside	East Scotland
		J Junor	Liberal	25714
		D Bowman	Communist	1508

Dunfermline	46999	J Clunie	Labour	24547	Fife	East Scotland
		SJ Kerr	National Liberal and Conservative	15657

Durham	61611	CF Grey	Labour	35597	Durham	North
		R Fisher	Conservative	17447

Durham North West	52084	JD Murray	Labour	30417	Durham	North
		J Quigley	Conservative	13885

Ealing North	58401	JH Hudson	Labour	25698	Ealing	South London
		AMS Neave	Conservative	25578

Ealing South	58952	AEU Maude	Conservative	30261	Ealing	South London
		DG Allen	Labour	18204

Easington	54096	E Shinwell	Labour	37899	Durham	North
		GW Rossiter	Conservative	9025

Eastbourne	71398	CS Taylor	Conservative	39278	East Sussex	South East
		C Atlee	Labour	19217

East Grinstead	67771	RS Clarke	Conservative	32803	East Sussex	South East
		H Atkinson	Labour	14271
		JC McLaughlin	Liberal	7375

East Ham North	42662	P Daines	Labour	21444	Newham	North London
		D Hamilton	Conservative	14085

East Ham South	44274	A Barnes	Labour	23704	Newham	North London
		JW Barter	Conservative	12813

Ebbw Vale	40293	A Bevan	Labour	28283	Mid Glamorgan and Gwent	Wales
		JE Bowen	Conservative	6754

Eccles	61385	WT Proctor	Labour	27941	Central Manchester	Greater Manchester
		J Whitely	Conservative	25330

Edinburgh Central	45993	T Oswald	Labour	18429	Edinburgh area	East Scotland
		WJM Kean	Conservative	16847

Edinburgh East	55595	J Wheatley	Labour	25201	Edinburgh area	East Scotland
		W Grant	Conservative	21400

Edinburgh Leith	45859	JH Hoy	Labour	19308	Edinburgh area	East Scotland
		EC Mekie	Liberal and Conservative	19236

Edinburgh North	44294	JL Clyde	Conservative	20836	Edinburgh area	East Scotland
		EG Willis	Labour	14604

Edinburgh Pentlands	57843	Ld J Hope	Conservative	27804	Edinburgh area	East Scotland
		D Connell	Labour	20405

Edinburgh South	44914	WY Darling	Conservative	26545	Edinburgh area	East Scotland
		JA Forsyth	Labour	10030

Edinburgh West	55147	GIC Hutchison	Conservative	30232	Edinburgh area	East Scotland
		HS Wilson	Labour	15607

Edmonton	74707	AH Albu	Labour	36023	Enfield	North London
		ES Olsen	Conservative	25631

Enfield East	48309	EAJ Davies	Labour	25298	Enfield	North London
		CWC Turner	Conservative	14594

Enfield West	41770	IN Macleod	Conservative	22351	Enfield	North London
		KC Hendy	Labour	12126

Epping	58764	GP Finlay	Conservative	27392	Essex	Essex
		EL Manning	Labour	22598

Epsom	64594	MS McCorquodale	Conservative	36333	Surrey	South
		FM Hardie	Labour	16584

Esher	64379	W Robson-Brown	Conservative	33755	Surrey	South
		PC McNally	Labour	15334
		HJ Harvey	Liberal	4612

Eton and Slough	49071	AF Brockway	Labour	22732	Berkshire	South
		VR Rees	Conservative	18648

Exeter	54325	RD Williams	Conservative	23218	Devon	South West
		ESD Bishop	Labour	18576
		EE Tinkham	Liberal	3908

Eye	58518	JH Harrison	Conservative	19791	Suffolk	East Anglia
		EL Granville	Liberal	17602
		HF Falconer	Labour	11340

Falmouth and Camborne	53870	FH Hayman	Labour	20850	Cornwall	South West
		N Nicolson	Conservative	19847
		S Townend	Liberal	4343

Farnham	47586	G Nicholson	Conservative	24239	Surrey	South
		CL James	Labour	14041

Farnworth	51189	G Tomlinson	Labour	26297	Western Manchester	Greater Manchester
		J Seddon	Conservative	18112

Faversham	57193	PL Wells	Labour	24884	Kent	South East
		C Bossom	Conservative	24322

Fermanagh and South Tyrone	67219	C Healy	Irish Nationalist	32717	Northern Ireland	Northern Ireland
		GF Patterson	Ulster Unionist Party	30082

Fife East	51162	J Henderson Stewart	Liberal and Conservative	28446	Fife	East Scotland
		J McGowan	Labour	11844

Fife West	52558	WW Hamilton	Labour	29195	Fife	East Scotland
		JP Fyfe	Liberal and Conservative	11038
		W Lauchlan	Communist	4728

Finchley	72249	JE Crowder	Conservative	33308	Barnet	North London
		J Ashley	Labour	20520
		WJ Done	Liberal	6853

Flint East	51575	EL White	Labour	23959	Clwyd	Wales
		GBH Currie	Conservative	20580

Flint West	46322	ENC Birch	Conservative	23433	Clwyd	Wales
		DV Leadbeater	Labour	15118

Folkestone and Hythe	50358	HR Mackeson	Conservative	25792	Kent	South East
		IR Jones	Labour	13968

Fulham East	45068	M Stewart	Labour	20279	Hammersmith and Fulham	North London
		J Hall	Conservative	17806

Fulham West	45327	E Summerskill	Labour	20290	Hammersmith and Fulham	North London
		WJ Brown	Independent	17707
		E Walcot-Bather	Liberal	1247

Fylde North	47309	RO Stanley	Conservative	25419	Lancashire	Lancashire
		JB Morris	Labour	11284

Fylde South	60206	CG Lancaster	Conservative	35726	Lancashire	Lancashire
		LH Burgess	Labour	12408

Gainsborough	50672	HFC Crookshank	Conservative	19915	Lincolnshire	Humberside
		GRS Hawkins	Labour	16074
		J Gregory	Liberal	4580

Galloway	34896	JH McKie	Conservative	16261	Dumfries and Galloway	West Scotland
		AE Thompson	Labour	6949
		RT Johnston	Liberal	3174

Gateshead East	39536	AS Moody	Labour	19525	Newcastle area	North
		D Clift	Liberal and Conservative	14344

Gateshead West	38899	JT Hall	Labour	20790	Newcastle area	North
		JS Magnay	Liberal and Conservative	11811

Gillingham	46731	FA Burden	Conservative	21453	Kent	South East
		EC Redhead	Labour	18489

Glasgow Bridgeton	43570	J Carmichael	Labour	21307	Glasgow area	West Scotland
		RA Thomson	Conservative	10382
		R Duncan	Independent Labour	1796

Glasgow Camlachie	49732	W Reid	Labour	20994	Glasgow area	West Scotland
		CS McFarlane	Conservative	19969

Glasgow Cathcart	44881	J Henderson	Conservative	26125	Glasgow area	West Scotland
		AM Patrick	Labour	10912

Glasgow Central	36381	J McInnes	Labour	15757	Glasgow area	West Scotland
		W Sinclair	Conservative	10875
		G Aldred	Independent Socialist	411

Glasgow Gorbals	53795	A Cullen	Labour	25288	Glasgow area	West Scotland
		JA Young	Conservative	13069
		P Kerrigan	Communist	2553

Glasgow Govan	49022	JN Browne	Conservative	20936	Glasgow area	West Scotland
		J Davis	Labour	20695

Glasgow Hillhead	46238	TGD Galbraith	Conservative	24654	Glasgow area	West Scotland
		H Shapiro	Labour	13359

Glasgow Kelvingrove	38475	W Elliot	Conservative	15837	Glasgow area	West Scotland
		JL Williams	Labour	14406

Glasgow Maryhill	45032	W Hannan	Labour	22912	Glasgow area	West Scotland
		PT Cowcher	Conservative	13076
		AE Pickard	Independent	356

Glasgow Pollok	62963	TD Galbraith	Conservative	28787	Glasgow area	West Scotland
		JS Clarke	Labour	23136

Glasgow Scotstoun	49814	JRH Hutchison	Conservative	21497	Glasgow area	West Scotland
		J Robertson	Labour	20872

Glasgow Shettleston	52262	J McGovern	Labour	25359	Glasgow area	West Scotland
		JO Hunter	Conservative	15876
		JW Graham	Independent Labour	1195

Glasgow Springburn	57020	JC Forman	Labour	27749	Glasgow area	West Scotland
		WH Bennett	Conservative	16748

Glasgow Tradeston	53404	J Rankin	Labour	26966	Glasgow area	West Scotland
		A Hart	Conservative	15771

Glasgow Woodside	42949	WG Bennett	Conservative	18553	Glasgow area	West Scotland
		R McCutcheon	Labour	16210

Gloucester	50554	M Turner-Samuels	Labour	21097	Gloucestershire	West
		JA Kershaw	Conservative	18836
		GE Payne	Liberal	3292

Gloucestershire South	58296	CAR Crosland	Labour	27808	Gloucestershire	West
		M Hickling	Conservative	22470

Gloucestershire West	51020	MP Price	Labour	24334	Gloucestershire	West
		A Russell	Conservative	17655

Goole	51280	G Jeger	Labour	26088	Humberside	Humberside
		A Marreco	Conservative and Liberal	17073

Gosport and Fareham	63088	RFB Bennett	Conservative	30727	Hampshire	South
		NF Stogdon	Labour	20303

Gower	51016	DR Grenfell	Labour	32661	West Glamorgan	Wales
		R Harding	National Liberal and Conservative	10351

Grantham	56671	JB Godber	Conservative	20712	Lincolnshire	Humberside
		AE Millett	Labour	18540
		WD Kendall	Liberal	8396

Gravesend	63393	RTD Acland	Labour	30055	Kent	South East
		CPT Burke	Conservative	24300

Greenock	49494	H McNeil	Labour	23452	Glasgow area	West Scotland
		WR Maclean	Conservative	17615

Greenwich	62042	J Reeves	Labour	30326	Greenwich	South London
		WH Bishop	Conservative	19898

Grimsby	63498	KG Younger	Labour	29462	Humberside	Humberside
		CW Hewson	Liberal and Conservative	22611

Guildford	54858	GRH Nugent	Conservative	27604	Surrey	South
		VG Wilkinson	Labour	16068

Hackney South	76552	H Butler	Labour	39271	Hackney	North London
		PAG Rawlinson	Conservative	18003
		J Betteridge	Communist	1744

Halifax	71343	D Brook	Labour	30433	West Yorkshire	Yorkshire
		CH Lucas	Conservative	29670

Haltemprice	56485	RK Law	Conservative	27167	Humberside	Humberside
		CW Bridges	Labour	19584

Hamilton	51605	T Fraser	Labour	28591	Ayrshire and Lanark	West Scotland
		RCM Monteith	Conservative	13015

Hammersmith North	42302	F Tomney	Labour	22709	Hammersmith and Fulham	North London
		JM Howard	Conservative	11629

Hammersmith South	44030	WT Williams	Labour	19273	Hammersmith and Fulham	North London
		RNE Hinton	Conservative	16038

Hampstead	72946	H Brooke	Conservative	31346	Camden	North London
		A Richardson	Labour	19240
		WS Watson	Liberal	6302

Harborough	64285	JM Baldock	Conservative	29395	Leicestershire	East Midlands
		TC Boyd	Labour	21648
		HC Bazeley	Liberal	5258

Harrogate	51852	C York	Conservative	28806	North Yorkshire	Yorkshire
		CW Sewell	Labour	12021

Harrow Central	50688	FP Bishop	Conservative	25564	Harrow	North London
		BJK Thompson	Labour	17540

Harrow East	61408	ID Harvey	Conservative	26896	Harrow	North London
		RD Rees	Labour	23725
		GJE Rhodes	Liberal	3329

Harrow West	46979	AN Braithwaite	Conservative	26549	Harrow	North London
		TL Littlewood	Labour	12802

Hartlepools (The)	59592	DT Jones	Labour	27147	Cleveland	North
		PT Carter	Conservative	24437

Harwich	56381	JS Holmes	National Liberal and Conservative	26169	Essex	Essex
		M Janis	Labour	18244

Hastings	69956	E McN Cooper-Key	Conservative	34495	East Sussex	South East
		CE Williamson	Labour	19621

Hayes and Harlington	44737	WH Ayles	Labour	23823	Hillingdon	South London
		MJ Rantzen	Conservative	12949

Hemel Hempstead	52313	Visc'ess Davidson	Conservative	25620	Hertfordshire	Essex
		NI MacKenzie	Labour	18220

Hemsworth	67370	HE Holmes	Labour	47402	West Yorkshire	Yorkshire
		GW Proudfoot	Conservative	9911

Hendon North	54921	CI Orr-Ewing	Conservative	23329	Barnet	North London
		FR Rea	Labour	20738
		KG Jupp	Liberal	3319

Hendon South	57732	HVHD Lucas-Tooth	Conservative	26180	Barnet	North London
		B Homa	Labour	16124
		L MacLaren	Liberal	4952

Henley	51972	JA Hay	Conservative	23621	Oxfordshire	West
		C Gallop	Labour	17090

Hereford	44579	JPL Thomas	Conservative	21204	Hereford and Worcestershire	Severn
		W Pigott	Labour	13396

Hertford	67110	DC Walker-Smith	Conservative	30519	Hertfordshire	Essex
		RW Marsh	Labour	23708

Hertfordshire South West	54153	GJM Longden	Conservative	27049	Hertfordshire	Essex
		L Allaker	Labour	18991

Heston and Isleworth	78048	RR Harris	Conservative	35468	Hounslow	South London
		PAW Merriton	Labour	29944

Hexham	47363	RM Speir	Conservative	23267	Northumberland	North
		TL MacDonald	Labour	15768

Heywood and Royton	61320	H Sutcliffe	Conservative	28086	Eastern Manchester	Greater Manchester
		CJ Hurley	Labour	24083

High Peak	50624	AHE Molson	Conservative	21305	Derbyshire	East Midlands
		W McC Halsall	Labour	18127
		SR Cawley	Liberal	4070

Hitchin	61966	NTL Fisher	Conservative	27719	Hertfordshire	Essex
		PJH Benenson	Labour	24941

Holborn and St Pancras South	54978	SW Jeger	Labour	20332	Camden	North London
		L Gluckstein	Conservative	18573
		IJ Hyam	Liberal	1616

Holland with Boston	69453	HW Butcher	National Liberal and Conservative	31683	Lincolnshire	Humberside
		JA Walters	Labour	22994

Honiton	56022	C Drewe	Conservative	27015	Devon	South West
		J Halse	Liberal	9858
		NL Stevens	Labour	9369

Horncastle	43285	JFW Maitland	Conservative	22043	Lincolnshire	Humberside
		FH Clark	Labour	11143

Hornchurch	73680	GHC Bing	Labour	30101	Havering	North London
		J Wentworth-Day	Conservative	28976
		BN Seear	Liberal	4471

Hornsey	75131	LD Gammans	Conservative	36417	Haringey	North London
		RA Pestell	Labour	25643

Horsham	48910	CFH Gough	Conservative	25204	West Sussex	South East
		RW Kerr	Labour	12803

Houghton-le-Spring	57454	WR Blyton	Labour	37718	Newcastle area	North
		B Bolam	Conservative	12042

Hove	64813	AAH Marlowe	Conservative	37230	East Sussex	South East
		AD Bermel	Labour	12934

Huddersfield East	46384	JPW Mallalieu	Labour	22368	West Yorkshire	Yorkshire
		JW Smith	Conservative	17799

Huddersfield West	47851	DW Wade	Liberal	24054	West Yorkshire	Yorkshire
		HW Bolt	Labour	17066

Hull Central	62996	M Hewitson	Labour	29674	Humberside	Humberside
		WR Bull	Conservative	18413

Hull East	58028	H Pursey	Labour	27892	Humberside	Humberside
		H Richman	Conservative	16368
		RW Sykes	Liberal	4611

Hull North	50262	WRA Hudson	Conservative	22545	Humberside	Humberside
		J Foord	Labour	20025

Huntingdonshire	44925	DL-M Renton	National Liberal and Conservative	20845	Cambridgeshire	East Anglia
		FR MacDonald	Labour	15487

Huyton	54230	JH Wilson	Labour	23582	Merseyside	Lancashire
		FL Neep	Conservative	22389

Ilford North	67796	G Hutchinson	Conservative	31905	Redbridge	North London
		M Ridealgh	Labour	21865
		HE Pollard	Liberal	3709

Ilford South	66678	AE Cooper	Conservative	30177	Redbridge	North London
		J Ranger	Labour	24938

Ilkeston	69773	GH Oliver	Labour	40671	Derbyshire	East Midlands
		CF Baker	Conservative	10273
		GM MacPherson	Liberal	9387

Ince	51121	TJ Brown	Labour	32148	Western Manchester	Greater Manchester
		JA Porter	Conservative	12305

Inverness	50302	Ld M Douglas-Hamilton	Conservative	22497	Highland	East Scotland
		TA Macnair	Labour	12361

Ipswich	73622	RR Stokes	Labour	33463	Suffolk	East Anglia
		AE Holdsworth	Conservative	29227

Isle of Ely	60918	EAH Legge-Bourke	Conservative	26319	Cambridgeshire	East Anglia
		AFC Gray	Labour	19915

Isle of Thanet	69782	E Carson	Conservative	33551	Kent	South East
		OL Shaw	Labour	20892

Isle of Wight	67501	PD Macdonald	Conservative	33501	Hampshire	South
		SG Conbeer	Labour	20712

Islington East	50997	EGM Fletcher	Labour	23896	Islington	North London
		AKB Wilmot	Conservative	16000

Islington North	59039	W Fienburgh	Labour	27406	Islington	North London
		RG Page	Conservative	18541

Islington South West	61707	A Evans	Labour	31637	Islington	North London
		TF Howard	Conservative	14750

Jarrow	65252	E Fernyhough	Labour	35963	Newcastle area	North
		JL Cox	Conservative	19217

Keighley	51468	CR Hobson	Labour	23743	West Yorkshire	Yorkshire
		K Hargreaves	Conservative	21295

Kensington North	54083	GHR Rogers	Labour	22686	Kensington and Chelsea	North London
		L Caplan	Conservative	18543
		AG Gamble	Liberal	1583

Kensington South	63419	WP Spens	Conservative	34592	Kensington and Chelsea	North London
		MC Parker	Labour	8894

Kettering	66981	GR Mitchinson	Labour	32604	Northamptonshire	East Anglia
		CPB Bailey	Conservative	25777

Kidderminster	55179	GDN Nabarro	Conservative	25483	Hereford and Worcestershire	Severn
		IAJ Williams	Labour	20325

Kilmarnock	46869	W Ross	Labour	24664	Ayrshire and Lanark	West Scotland
		NM Glen	Conservative	15955

King's Lynn	51914	R Scott-Miller	Conservative	21954	Norfolk	East Anglia
		FJ Wise	Labour	21017

Kingston upon Thames	74729	JA Boyd-Carpenter	Conservative	38516	Kingston upon Thames	South London
		R Hesketh	Labour	22117

Kinross and West Perthshire	35185	W McN Snadden	Conservative	19625	Tayside	East Scotland
		I McGregor	Labour	6124

Kirkcaldy	52427	TF Hubbard	Labour	26885	Fife	East Scotland
		R Harris	Liberal and Conservative	17484

Knutsford	58725	WH Bromley-Davenport	Conservative	34114	Cheshire	Severn
		C Hamnett	Labour	14640

Lanark	42278	PF Maitland	Conservative	21467	Ayrshire and Lanark	West Scotland
		WL Taylor	Labour	19674

Lanarkshire North	44857	M Herbison	Labour	22304	Ayrshire and Lanark	West Scotland
		WS How	Conservative	16000

Lancaster	44917	FH Maclean	Conservative	20555	Lancashire	Lancashire
		D Lees	Labour	18099

Leeds Central	49858	G Porter	Labour	23967	West Yorkshire	Yorkshire
		W Barford	Conservative	14475

Leeds North	58219	O Peake	Conservative	30290	West Yorkshire	Yorkshire
		P Taylor	Labour	17249

Leeds North East	47461	AM Bacon	Labour	22402	West Yorkshire	Yorkshire
		JC Bidgood	Conservative	15991

Leeds North West	50184	D Kaberry	Conservative	25873	West Yorkshire	Yorkshire
		M Veitch	Labour	15490

Leeds South	57436	HTN Gaitskell	Labour	30712	West Yorkshire	Yorkshire
		WD Brown	Conservative	16493

Leeds South East	48826	J Milner	Labour	24929	West Yorkshire	Yorkshire
		CE Kirwin	Conservative	16277

Leeds West	48082	TC Pannell	Labour	22357	West Yorkshire	Yorkshire
		B Mather	Conservative	18957

Leek	66253	H Davies	Labour	29502	Staffordshire	Severn
		RFS Body	Conservative	27592

Leicester North East	51771	AL Ungoed-Thomas	Labour	26209	Leicestershire	East Midlands
		W Browne	Conservative	17478

Leicester North West	52532	B Janner	Labour	25184	Leicestershire	East Midlands
		WJC Heyting	Conservative	19125

Leicester South East	47841	C Waterhouse	Conservative	23853	Leicestershire	East Midlands
		E Taylor	Labour	16225

Leicester South West	50507	HW Bowden	Labour	24340	Leicestershire	East Midlands
		EH Wall	Conservative	17347

Leigh	62182	H Boardman	Labour	33881	Western Manchester	Greater Manchester
		HD Moore	Conservative	19585

Leominster	40306	AE Baldwin	Conservative	19952	Hereford and Worcestershire	Severn
		EJM Jones	Labour	9939

Lewes	65712	TVH Beamish	Conservative	34345	East Sussex	South East
		AW Briggs	Labour	17082

Lewisham North	54331	AUM Hudson	Conservative	24406	Lewisham	South London
		ST Williams	Labour	21243

Lewisham South	57032	HS Morrison	Labour	27559	Lewisham	South London
		CR Hutchinson	Conservative	20548
		J Mahon	Communist	578

Lewisham West	56214	HA Price	Conservative	25449	Lewisham	South London
		AM Skeffington	Labour	22813

Leyton	79445	RW Sorenson	Labour	37728	Waltham Forest	North London
		PJ Williams	Conservative	27563

Lichfield and Tamworth	64045	JW Snow	Labour	28826	Staffordshire	Severn
		G Hampson	Conservative	25941

Lincoln	49279	GS de Freitas	Labour	23400	Lincolnshire	Humberside
		MV Macmillan	Conservative	19840

Liverpool Edge Hill	55570	AJ Irvine	Labour	22906	Merseyside	Lancashire
		HM Steward	Conservative	19569

Liverpool Exchange	47612	EM Braddock	Labour	19887	Merseyside	Lancashire
		JO Tiernan	Conservative	13052

Liverpool Garston	68336	HVAM Raikes	Conservative	35650	Merseyside	Lancashire
		A Morris	Labour	19025

Liverpool Kirkdale	49466	W Keenan	Labour	19637	Merseyside	Lancashire
		DJ Lewis	Conservative	18879

Liverpool Scotland	58929	DG Logan	Labour	28558	Merseyside	Lancashire
		NA Pannell	Conservative	13344

Liverpool Toxteth	55336	JR Bevins	Conservative	23254	Merseyside	Lancashire
		WE Lawn	Labour	19620

Liverpool Walton	64502	KP Thompson	Conservative	28014	Merseyside	Lancashire
		II Levin	Labour	24262

Liverpool Wavertree	61133	JDRT Tilney	Conservative	28179	Merseyside	Lancashire
		W Hamling	Labour	19702

Liverpool West Derby	66208	D Maxwell Fyfe	Conservative	27441	Merseyside	Lancashire
		LC Edwards	Labour	25734

Llanelli	67157	J Griffiths	Labour	39731	Dyfed	Wales
		H Gardner	Conservative	11315
		DE Morgan	Plaid Cymru	3765

Cities of London and Westminster	78628	H Webbe	Conservative	35275	City of Westminster	North London
		HF Sutherland	Labour	17537

Londonderry	72267	W Wellwood	Ulster Unionist Party	1	Northern Ireland	Northern Ireland

Loughborough	52914	M Follick	Labour	25894	Leicestershire	East Midlands
		PG Spencer	Conservative	19571

Louth	49995	C Osborne	Conservative	21587	Lincolnshire	Humberside
		HJH Dyer	Labour	15819
		RC Gaul	Liberal	2822

Lowestoft	56582	E Evans	Labour	23591	Suffolk	East Anglia
		AH Willetts	Conservative	22744

Ludlow	47168	CJ Holland-Martin	Conservative	22073	Shropshire	Severn
		RJ Barker	Labour	14596

Luton	57535	C Hill	Liberal and Conservative	26554	Bedfordshire	East Anglia
		WN Warbey	Labour	23842

Macclesfield	57134	AV Harvey	Conservative	29434	Cheshire	Severn
		AE Taylor	Labour	20428

Maidstone	60549	AC Bossom	Conservative	27606	Kent	South East
		HA White	Labour	21159

Maldon	51282	TEN Driberg	Labour	22756	Essex	Essex
		AR Moody	Conservative	22052

Manchester Ardwick	50431	LM Lever	Labour	22150	Central Manchester	Greater Manchester
		E Hodson	Conservative	17732

Manchester Blackley	59769	EST Johnson	Conservative	25076	Central Manchester	Greater Manchester
		J Diamond	Labour	22804
		F Smith	Liberal	3287

Manchester Cheetham	48241	NH Lever	Labour	22810	Central Manchester	Greater Manchester
		GW Singleton	Conservative	13802

Manchester Clayton	55727	H Thorneycroft	Labour	27985	Central Manchester	Greater Manchester
		MS Grant	Conservative	16122

Manchester Exchange	46064	W Griffiths	Labour	18475	Central Manchester	Greater Manchester
		IW Owen	Conservative	14881

Manchester Gorton	60233	WH Oldfield	Labour	28763	Central Manchester	Greater Manchester
		SH Garlick	Conservative	20815

Manchester Moss Side	57396	F Horsbrugh	Conservative	27697	Central Manchester	Greater Manchester
		F Allaun	Labour	16819

Manchester Withington	51575	RA Cary	Conservative	26804	Central Manchester	Greater Manchester
		J Clough	Labour	14604

Manchester Wythenshawe	62471	E Hill	Conservative	28611	Central Manchester	Greater Manchester
		LL Hanbidge	Labour	22055

Mansfield	63662	HB Taylor	Labour	37097	Nottinghamshire	East Midlands
		ME Williamson	Conservative	15961

Melton	59671	HA Nutting	Conservative	28689	Leicestershire	East Midlands
		KF Urwin	Labour	22308

Merioneth	28019	TW Jones	Labour	10505	Gwynedd	Wales
		E Roberts	Liberal	9457
		WGO Morgan	Conservative	4505

Merthyr Tydfil	42937	SO Davies	Labour	28841	Mid Glamorgan and Gwent	Wales
		JF Lynam	Conservative	7405

Merton and Morden	56049	RED Ryder	Conservative	26488	Merton	South London
		AMF Palmer	Labour	22086

Middlesbrough East	58110	HA Marquand	Labour	31277	Cleveland	North
		RM Turton	Conservative	15749

Middlesbrough West	54640	JES Simon	Conservative	24622	Cleveland	North
		D Dunwoodie	Labour	22525

Middleton and Prestwich	56657	JD Barlow	Conservative	26073	Eastern Manchester	Greater Manchester
		A Knight	Labour	16323
		E Harrison	Liberal	5757

Midlothian and Peebles	63213	DJ Pryde	Labour	29271	Edinburgh area	East Scotland
		JA Stodart	Conservative	23681

Mitcham	73575	LR Carr	Conservative	34056	Merton	South London
		HE Randall	Labour	28187

Monmouth	48314	GEP Thorneycroft	Conservative	22475	Mid Glamorgan and Gwent	Wales
		J Richardson	Labour	17952

Montgomery	32423	EC Davies	Liberal	17075	Powys	Wales
		DC Jones	Labour	7854

Moray and Nairn	35370	JG Stuart	Conservative	15881	Grampian	East Scotland
		DT Hutchinson	Labour	10487

Morecambe and Lonsdale	55913	WJI Fraser	Conservative	31211	Lancashire	Lancashire
		E Gardner	Labour	13732

Morpeth	45117	RJ Taylor	Labour	27718	Northumberland	North
		PM Colvin-Smith	Conservative	10843

Motherwell	48734	A Anderson	Labour	23641	Glasgow area	West Scotland
		NA Sloan	Liberal and Conservative	17650

Neath	52203	DJ Williams	Labour	34496	West Glamorgan	Wales
		G Jennings	Conservative	10367

Nelson and Colne	52614	SS Silverman	Labour	25611	Lancashire	Lancashire
		A Green	Conservative	21211

Newark	62353	G Deer	Labour	30476	Nottinghamshire	East Midlands
		RH Watson	Conservative	22817

Newbury	42728	AR Hurd	Conservative	20102	Berkshire	South
		GC Jackson	Labour	13507

Newcastle-under-Lyme	60649	ST Swingler	Labour	30814	Staffordshire	Severn
		JA Friend	Conservative	22278

Newcastle upon Tyne Central	49505	EW Short	Labour	25637	Newcastle area	North
		FT Webster	Conservative	13325
		FG Barton	Independent Labour	1006

Newcastle upon Tyne East	55965	A Blenkinsop	Labour	25621	Newcastle area	North
		A Edwards	Conservative	22850

Newcastle upon Tyne North	55370	G Lloyd-George	Liberal and Conservative	23930	Newcastle area	North
		IE Geffen	Labour	17005
		C Gray	Independent Conservative	5904

Newcastle upon Tyne West	62916	E Popplewell	Labour	31765	Newcastle area	North
		JM Bazin	Conservative	23081

New Forest	63545	OE Crossthwaite-Eyre	Conservative	31574	Hampshire	South
		AW White	Labour	17537

Newport	72185	P Freeman	Labour	32883	Mid Glamorgan and Gwent	Wales
		TER Rhys-Roberts	Conservative	24166
		WJ Owen	Liberal	5247

Newton	61727	F Lee	Labour	31374	Western Manchester	Greater Manchester
		HW Jones	Conservative	22476

Norfolk Central	47923	F Medlicott	National Liberal and Conservative	21909	Norfolk	East Anglia
		JR Lambley	Labour	17270

Norfolk North	50032	EG Gooch	Labour	21067	Norfolk	East Anglia
		DM Reid	Conservative and National Liberal	20788

Norfolk South	43668	PAD Baker	Conservative	19610	Norfolk	East Anglia
		L Scutts	Labour	16371

Norfolk South West	40552	DG Bullard	Conservative	16970	Norfolk	East Anglia
		S Dye	Labour	16528

Normanton	49426	A Roberts	Labour	31052	West Yorkshire	Yorkshire
		T Heseltine	Conservative and National Liberal	11199

Northampton	75551	RT Paget	Labour	35038	Northamptonshire	East Anglia
		JV Collier	Conservative	30244

Northamptonshire South	46234	RE Manningham-Buller	Conservative	21282	Northamptonshire	East Anglia
		DG Webb	Labour	18434

Northwich	61750	JG Foster	Conservative	29375	Cheshire	Severn
		RP Walsh	Labour	22300

Norwich North	43363	J Paton	Labour	22880	Norfolk	East Anglia
		TC Eaton	Conservative	13587

Norwich South	43103	HG Strauss	Conservative	19082	Norfolk	East Anglia
		M Tylecote	Labour	17234

Norwood	62231	JG Smyth	Conservative	27200	Lambeth	South London
		R Chamberlain	Labour	24251

Nottingham Central	50260	I Winterbottom	Labour	20517	Nottinghamshire	East Midlands
		JAH Crean	Conservative	20378

Nottingham East	52406	J Harrison	Labour	20865	Nottinghamshire	East Midlands
		S Shephard	Conservative	20601
		R Abrahams	Liberal	2209

Nottingham North West	60392	T O'Brien	Labour	32694	Nottinghamshire	East Midlands
		T Gardner	Conservative	17650

Nottingham South	46413	HN Smith	Labour	19844	Nottinghamshire	East Midlands
		WRR Davies	Conservative	19362

Nuneaton	69861	FG Bowles	Labour	35651	Warwickshire	East Midlands
		JE Tippett	Conservative	17356
		GC Middleton	Liberal	6386

Ogmore	56726	WE Padley	Labour	37022	Mid Glamorgan and Gwent	Wales
		PL Powell	Conservative	9504
		T David	Independent	1643

Oldbury and Halesowen	65975	A Moyle	Labour	30610	West Midlands	West Midlands
		WLO Somers	Conservative	24338

Oldham East	56887	IM Horobin	Conservative	24621	Eastern Manchester	Greater Manchester
		JA Joyce	Labour	22564

Oldham West	55472	CL Hale	Labour	23712	Eastern Manchester	Greater Manchester
		JEP Grigg	Conservative	19517
		CP Fothergill	Liberal	3823

Orkney and Shetland	29603	J Grimond	Liberal	11745	Orkney and Shetland	East Scotland
		A Tennant	Conservative	5354
		MA Fairnie	Labour	3335

Ormskirk	50379	JA Salter	Conservative	26729	Lancashire	Lancashire
		E Kavanagh	Labour	12908

Orpington	53023	W Smithers	Conservative	27244	Bromley	South London
		RD Vaughan Williams	Labour	16241

Oswestry	49830	WD Ormsby-Gore	Conservative	23843	Shropshire	Severn
		A Wait	Labour	14471

Oxford	70494	HFL Turner	Conservative	32367	Oxfordshire	West
		GH Elvin	Labour	25427

Paddington North	44215	WJ Field	Labour	19923	City of Westminster	North London
		JR Ridsdale	Conservative	15834

Paddington South	48356	RA Allan	Conservative	20741	City of Westminster	North London
		CFH Wegg-Prosser	Labour	13932

Paisley	63281	DH Johnston	Labour	29570	Glasgow area	West Scotland
		JF Wilson	Conservative	16545
		VM Shaw	Liberal	7291

Peckham	63815	FK Corbet	Labour	33703	Southwark	South London
		CV Ford	Conservative	14557

Pembroke	62381	DL Donnelly	Labour	25994	Dyfed	Wales
		FW Farey-Jones	Conservative	16968
		DH Pennant	Liberal	10688

Penistone	66156	HG McGhee	Labour	36169	South Yorkshire	Humberside
		D Hinchcliffe	Conservative	20145

Penrith and The Border	51575	RD Scott	Conservative	23274	Cumbria	North
		J Rafferty	Labour	10759
		SVS Howard	Liberal	8857
		W Brownrigg	Independent	158

Perth and East Perthshire	55502	AG Gomme-Duncan	Conservative	25798	Tayside	East Scotland
		N McBride	Labour	11167
		DR McIntyre	Scottish National Party	6479

Peterborough	58831	H Nicholls	Conservative	24536	Cambridgeshire	East Anglia
		AEVA Farrer	Labour	24163
		WI Akst	Liberal	2367

Petersfield	65259	PR Legh	Conservative	29845	Hampshire	South
		EE Preidel	Labour	15770
		HHL Dickson	Liberal	5182

Plymouth Devonport	72611	MM Foot	Labour	32158	Devon	South West
		RFES Churchill	Conservative and National Liberal	29768

Plymouth Sutton	66894	JJ Astor	Conservative	28908	Devon	South West
		LA Middleton	Labour	28198

Pontefract	53856	GO Sylvester	Labour	35280	West Yorkshire	Yorkshire
		IMP Pike	Conservative and Liberal	11043

Pontypool	46290	DG West	Labour	29553	Mid Glamorgan and Gwent	Wales
		AO Hewitt	Conservative	9464

Pontypridd	54126	A Pearson	Labour	32586	Mid Glamorgan and Gwent	Wales
		JL Manning	Conservative	12511

Poole	59286	RA Pilkington	Conservative	26998	Dorset	South West
		LJ Matchan	Labour	18346
		W Ridgway	Liberal	5029

Poplar	50509	CW Key	Labour	31377	Tower Hamlets	North London
		PFH Emery	Conservative	6875

Portsmouth Langstone	61641	GP Stevens	Conservative	31752	Hampshire	South
		J O'N Ryan	Labour	18647

Portsmouth South	59306	JM Lucas	Conservative	30548	Hampshire	South
		DS Wallace	Labour	17350

Portsmouth West	59262	TH Clarke	Conservative	25363	Hampshire	South
		AL Birk	Labour	24115

Preston North	52647	J Amery	Conservative	23598	Lancashire	Lancashire
		T Hourigan	Labour	22490

Preston South	52610	EAA Shackleton	Labour	22760	Lancashire	Lancashire
		NLD McLean	Conservative	22744

Pudsey	50521	C Banks	Conservative	24138	West Yorkshire	Yorkshire
		AG Collings	Labour	20782

Putney	64933	HN Linstead	Conservative	29686	Wandsworth	South London
		EC Hutchison	Labour	23489

Reading North	39681	FM Bennett	Conservative	17378	Berkshire	South
		RWG Mackay	Labour	17076

Reading South	41694	I Mikardo	Labour	18570	Berkshire	South
		H Pryce	Conservative	17561

Reigate	51790	JK Vaughan-Morgan	Conservative	24137	Surrey	South
		CJ Garnsworthy	Labour	14287
		AS Batham	Liberal	4740

Renfrewshire East	59330	EGR Lloyd	Conservative	31908	Glasgow area	West Scotland
		DJ Phillips	Labour	16588

Renfrewshire West	47188	JS Maclay	National Liberal and Conservative	21456	Glasgow area	West Scotland
		B Millan	Labour	18493

Rhondda East	40270	WH Mainwaring	Labour	27958	Mid Glamorgan and Gwent	Wales
		OP Stutchbury	Conservative	3522
		I Cox	Communist	2948

Rhondda West	37315	IR Thomas	Labour	26123	Mid Glamorgan and Gwent	Wales
		E Simons	Conservative	3635
		JK Davies	Plaid Cymru	2467

Richmond upon Thames	63267	GS Harvie-Watt	Conservative	30743	Richmond upon Thames	South London
		F White	Labour	16707
		DH Ennals	Liberal	4933

Richmond (Yorks)	49954	TL Dugdale	Conservative	26231	North Yorkshire	Yorkshire
		R Hoyle	Labour	10915

Ripon	40499	M Stoddart-Scott	Conservative	23047	North Yorkshire	Yorkshire
		SJ Andrews	Labour	10627

Rochdale	64373	W Schofield	Conservative	27797	Eastern Manchester	Greater Manchester
		J Hale	Labour	27343

Rochester and Chatham	60724	AG Bottomley	Labour	26390	Kent	South East
		R Mathew	Conservative	25543

Romford	77483	JC Lockwood	Conservative	33120	Havering	North London
		A Jones	Labour	31822

Ross and Cromarty	29687	J MacLeod	National Liberal and Conservative	10969	Highland	East Scotland
		ACB Reid	Labour	6104

Rossendale	54134	AWJA Greenwood	Labour	24814	Lancashire	Lancashire
		TM Backhouse	Conservative	23144

Rotherham	56337	JH Jones	Labour	31124	South Yorkshire	Humberside
		WG Blake	Conservative	16317

Rother Valley	64243	D Griffiths	Labour	41990	South Yorkshire	Humberside
		R Hall	Conservative	13470

Rowley Regis and Tipton	60462	A Henderson	Labour	32579	West Midlands	West Midlands
		DC Napley	Conservative	16263

Roxburgh and Selkirk	47614	CE McA Donaldson	Conservative	16438	Borders	East Scotland
		AJF Macdonald	Liberal	15609
		T White	Labour	8395

Rugby	45392	J Johnson	Labour	19995	Warwickshire	East Midlands
		CAG Dance	Conservative	19796

Ruislip-Northwood	47016	FP Crowder	Conservative	25295	Hillingdon	South London
		TJ Parker	Labour	14491

Runcorn	46699	DF Vosper	Conservative	24821	Cheshire	Severn
		JL Hindle	Labour	14980

Rushcliffe	62218	M Redmayne	Conservative	30972	Nottinghamshire	East Midlands
		RJ Ledger	Labour	22506

Rutherglen	44173	RC Brooman-White	Conservative	19554	Glasgow area	West Scotland
		G McAllister	Labour	19202

Rutland and Stamford	40087	RJE Conant	Conservative	17850	Lincolnshire	Humberside
		TG Bradley	Labour	15127

Saffron Walden	47836	RA Butler	Conservative	20564	Essex	Essex
		R Groves	Labour	15245
		WO Smedley	Liberal	3774

Salford East	61114	EA Hardy	Labour	27729	Central Manchester	Greater Manchester
		JE Parkinson	Conservative	20951

Salford West	62144	C Royle	Labour	27542	Central Manchester	Greater Manchester
		GW Sinclair	Conservative	24055

Salisbury	47585	JG Morrison	Conservative	21798	Wiltshire	West
		RR Thomas	Labour	16386

Scarborough and Whitby	65351	ACM Spearman	Conservative	32988	North Yorkshire	Yorkshire
		H Brinton	Labour	16621

Sedgefield	52426	J Slater	Labour	28219	Durham	North
		EH Harrison	Conservative	17095

Sevenoaks	58299	JC Rodgers	Conservative	28668	Kent	South East
		JN Powrie	Labour	18823

Sheffield Attercliffe	50907	JB Hynd	Labour	29958	South Yorkshire	Humberside
		HL Lambert	Conservative and Liberal	12161

Sheffield Brightside	55364	RE Winterbottom	Labour	31519	South Yorkshire	Humberside
		AL Wood	Conservative and Liberal	12433
		H Hill	Communist	1116

Sheffield Hallam	49989	RE Jennings	Conservative and Liberal	29016	South Yorkshire	Humberside
		FW Beaton	Labour	11988

Sheffield Heeley	53807	PG Roberts	Conservative and Liberal	27776	South Yorkshire	Humberside
		AH Jennings	Labour	17729

Sheffield Hillsborough	56415	G Darling	Labour	28274	South Yorkshire	Humberside
		G Wadsworth	Conservative and Liberal	19617

Sheffield Neepsend	49708	F Soskice	Labour	28880	South Yorkshire	Humberside
		TA Stobbs	Conservative and Liberal	10655

Sheffield Park	54058	FW Mulley	Labour	30842	South Yorkshire	Humberside
		SB Rippon	Conservative and Liberal	13743

Shipley	47178	GAN Hirst	Conservative	20396	West Yorkshire	Yorkshire
		TJ Roberts	Labour	18893
		SJ Berwin	Liberal	3399

Shoreditch and Finsbury	56780	E Thurtle	Labour	30162	Hackney	North London
		AG Rippon	Conservative	11399

Shrewsbury	44891	JA Langford-Holt	Conservative	21503	Shropshire	Severn
		RB Cant	Labour	14735

Skipton	51207	GB Drayson	Conservative	26024	North Yorkshire	Yorkshire
		E Hewitt	Labour	18064

Smethwick	54793	PC Gordon-Walker	Labour	27739	West Midlands	West Midlands
		AN Giles	Conservative	18012

Solihull	47627	MA Lindsay	Conservative	27871	West Midlands	West Midlands
		J Johnson	Labour	11747

Somerset North	59167	EHC Leather	Conservative	27465	Somerset	South West
		RJ Hurst	Labour	24917

Southall	59885	GA Pargiter	Labour	29123	Ealing	South London
		HJ Berkeley	Conservative	21169

Southampton Itchen	67038	R Morley	Labour	30330	Hampshire	South
		RJ Stranger	Conservative and Liberal	25708

Southampton Test	62734	HM King	Labour	26430	Hampshire	South
		JA Paul	Conservative and Liberal	25965

Southend East	54020	SJ McAdden	Conservative	24088	Essex	Essex
		LC Merrion	Labour	19478

Southend West	71957	H Channon	Conservative	39287	Essex	Essex
		HN Lyall	Labour	17532

Southgate	57462	AB Baxter	Conservative	30044	Enfield	North London
		V Dart	Labour	10889
		E Malindine	Liberal	7402

Southport	65018	RS Hudson	Conservative	30388	Merseyside	Lancashire
		HO Ellis	Labour	12535
		HD Bentliff	Liberal	7576

South Shields	74657	JC Ede	Labour	33633	Newcastle area	North
		J Chalmers	Conservative	20208
		CJ Kitchell	Liberal	6270

Southwark	69992	GA Isaacs	Labour	36586	Southwark	South London
		JM Greenwood	Conservative	14032

Sowerby	56921	ALND Houghton	Labour	22766	West Yorkshire	Yorkshire
		P Bryan	Conservative	21118
		JG Walker	Liberal	5573

Spelthorne	72599	GB Craddock	Conservative	31031	Surrey	South
		AE Hunter	Labour	29908

St Albans	62431	J Grimston	Conservative	28602	Hertfordshire	Essex
		J McKnight	Labour	23911

St Helens	74659	HW Shawcross	Labour	37688	Merseyside	Lancashire
		MHC Hughes-Young	Conservative	21830

St Ives	44885	GR Howard	Conservative and National Liberal	18828	Cornwall	South West
		A Maddison	Labour	11216
		JDG Kellock	Liberal	5273

St Marylebone	60811	WW Wakefield	Conservative	28783	City of Westminster	North London
		WC Balfour	Labour	13964

St Pancras North	65840	K Robinson	Labour	31191	Camden	North London
		CAB Borrett	Conservative	20362

Stafford and Stone	54123	HCPJ Fraser	Conservative	25795	Staffordshire	Severn
		GP Grant	Labour	19749

Stalybridge and Hyde	57751	F Blackburn	Labour	25402	Eastern Manchester	Greater Manchester
		D Glover	Conservative	25104

Stepney	66115	WJ Edwards	Labour	35849	Tower Hamlets	North London
		MHB Solomon	Conservative	7586
		E Bramley	Communist	3436

Stirling and Falkirk	54300	M MacPherson	Labour	24421	Central	East Scotland
		WDHC Forbes	Conservative	22313

Stirlingshire West	43026	A Balfour	Labour	20893	Central	East Scotland
		BMH Anderson	Conservative	16396

Stockport North	54576	NJ Hulbert	Conservative	25691	Eastern Manchester	Greater Manchester
		J Owen	Labour	20893

Stockport South	48413	AB Gridley	Conservative	22075	Eastern Manchester	Greater Manchester
		F Bibby	Labour	18675

Stockton-on-Tees	50104	GR Chetwynd	Labour	24558	Cleveland	North
		HCR Laslett	Conservative	19511

Stoke Newington and Hackney North	80221	D Weitzman	Labour	37406	Hackney	North London
		THH Skeet	Conservative	21369
		J Allison	Liberal	4524

Stoke-on-Trent Central	64519	B Stross	Labour	34260	Staffordshire	Severn
		HR Fleck	Conservative	18770

Stoke-on-Trent North	61282	AE Davies	Labour	36692	Staffordshire	Severn
		JB Coventry	National Liberal and Conservative	14668

Stoke-on-Trent South	63667	E Smith	Labour	35261	Staffordshire	Severn
		BGC Webb	Conservative	18355

Stratford	46666	JD Profumo	Conservative	24041	Warwickshire	East Midlands
		H Hilditch	Labour	13246

Streatham	55451	D Sandys	Conservative	27084	Wandsworth	South London
		NJ Smart	Labour	14804
		AW Wilson	Liberal	3319

Stretford	73318	S Storey	Conservative	35419	Central Manchester	Greater Manchester
		C Mapp	Labour	25694

Stroud and Thornbury	68287	WRD Perkins	Conservative	30140	Gloucestershire	West
		BT Parkin	Labour	28558

Sudbury and Woodbridge	59163	JH Hare	Conservative	27262	Suffolk	East Anglia
		RJ Lewis	Labour	21310

Sunderland North	60984	FT Willey	Labour	23792	Newcastle area	North
		R Kendall	Conservative	20302

Sunderland South	57596	R Ewart	Labour	27257	Newcastle area	North
		PG Williams	Conservative	26951

Surrey East	63986	CJA Doughty	Conservative	37966	Surrey	South
		N Whine	Labour	14056

Sutton and Cheam	59848	SH Marshall	Conservative	30684	Sutton	South London
		EKI Hurst	Labour	18202

Sutton Coldfield	70518	JSP Mellor	Conservative	36628	Birmingham	West Midlands
		DG Allen	Labour	20893

Swansea East	53790	DL Mort	Labour	32790	West Glamorgan	Wales
		JC Hope	Conservative	11768

Swansea West	59051	P Morris	Labour	26061	West Glamorgan	Wales
		HB Kerby	Conservative	23901

Swindon	49598	T Reid	Labour	23980	Wiltshire	West
		GE Tritton	Conservative	18072

Taunton	51313	HL d'A Hopkinson	Conservative	24826	Somerset	South West
		VJ Collins	Labour	20845

Tavistock	45094	HG Studholme	Conservative	22683	Devon	South West
		FW Harcourt-Munning	Labour	12833

Thirsk and Malton	49797	RH Turton	Conservative	27854	North Yorkshire	Yorkshire
		AJ Parkinson	Labour	10692

Thurrock	53157	HJ Delargy	Labour	28851	Essex	Essex
		GW Lagden	Conservative	15166

Tiverton	47522	DH Amory	Conservative	24532	Devon	South West
		AEP Duffy	Labour	14084

Tonbridge	65097	GW Williams	Conservative	31377	Kent	South East
		AB Bagnari	Labour	21109

Torquay	66456	C Williams	Conservative	31441	Devon	South West
		R Briscoe	Labour	14801
		DRE Abel	Liberal	6904

Torrington	45770	G Lambert	National Liberal and Conservative	23162	Devon	South West
		GR Sargeant	Labour	11812

Totnes	63066	R Rayner	Conservative	28005	Devon	South West
		CA O'Donnell	Labour	16409
		HE Desch	Liberal	7838

Tottenham	66866	F Messer	Labour	33312	Haringey	North London
		PJ Faulkner	Conservative	20061

Truro	54935	HGB Wilson	Conservative	24883	Cornwall	South West
		JN Newby	Labour	19752

Twickenham	77444	EH Keeling	Conservative	39080	Richmond upon Thames	South London
		EEB Chipchase	Labour	23871

Tynemouth	70904	IMB Ward	Conservative	33800	Newcastle area	North
		GM Colman	Labour	26144

Ulster Mid	68412	M O'Neill	Irish Republican	33097	Northern Ireland	Northern Ireland
		JM Shearer	Ulster Unionist Party	29701

Uxbridge	51022	F Beswick	Labour	21249	Hillingdon	South London
		C Curran	Conservative	19701
		L Fior	Liberal	2289

Vauxhall	49939	GR Strauss	Labour	24217	Lambeth	South London
		EH Lee	Conservative	12564

Wakefield	54529	A Greenwood	Labour	27100	West Yorkshire	Yorkshire
		M Grant	Conservative	19398

Wallasey	74190	AE Marples	Conservative	37423	Merseyside	Lancashire
		FF Jarvis	Labour	21718

Wallsend	69715	J McKay	Labour	35678	Newcastle area	North
		GC Crangle	Conservative	25099

Walsall	77195	WT Wells	Labour	33556	West Midlands	West Midlands
		F Roper	Conservative	23083
		BE Lewis	Liberal	7517

Walthamstow East	46683	HW Wallace	Labour	19036	Waltham Forest	North London
		JE Harvey	Conservative	18016
		GE Thorton	Liberal	2815
		WG Boaks	Independent	174

Walthamstow West	42063	CR Atlee	Labour	23021	Waltham Forest	North London
		EDL Du Cann	Conservative	11447

Wandsworth Central	67476	HR Adams	Labour	28844	Wandsworth	South London
		R Grant-Ferris	Conservative	27661

Warrington	54848	HBW Morgan	Labour	26225	Cheshire	Severn
		FJ Crowther	Conservative	17623
		JC Park	Liberal	1537

Warwick and Leamington	56766	RA Eden	Conservative	28282	Warwickshire	East Midlands
		W Wilson	Labour	18479

Watford	53568	J Freeman	Labour	22370	Hertfordshire	Essex
		SWL Ripley	Conservative	21862
		HB Bush	Liberal	2469

Wednesbury	70710	SN Evans	Labour	35196	West Midlands	West Midlands
		HR Wilkins	Conservative	22971

Wellingborough	52077	GS Lindgren	Labour	24113	Northamptonshire	East Anglia
		FR Parsons	Conservative	21912

Wells	57028	SLC Maydon	Conservative	26524	Somerset	South West
		DR Llewellyn	Labour	21481

Wembley North	49481	EE Bullus	Conservative	24112	Brent	North London
		B Lewis	Labour	15394
		RA Winch	Liberal	3607

Wembley South	48769	RS Russell	Conservative	23380	Brent	North London
		D Clark	Labour	18546

West Bromwich	59656	J Dugdale	Labour	30845	West Midlands	West Midlands
		GD Johnstone	Conservative	17186

Westbury	52129	RV Grimston	Conservative	19654	Wiltshire	West
		RJ Travess	Labour	17623
		HB Richardson	Liberal	7666

Western Isles	27222	MK Macmillan	Labour	8039	Western Isles	East Scotland
		J Mitchell	Conservative and National Liberal	6709
		D Murray	Liberal	916
		C Maclean	Scottish National Party	820

West Ham North	63318	AWJ Lewis	Labour	34156	Newham	North London
		JA Erskine-Shaw	Conservative	14328

West Ham South	56627	FE Jones	Labour	37195	Newham	North London
		ML de la Motte	Conservative	6586

Westhoughton	55375	JT Price	Labour	29319	Lancashire	Lancashire
		FJ Land	Conservative	18644

West Lothian	56259	J Taylor	Labour	28906	Edinburgh area	East Scotland
		HE Atkins	Conservative	18854

Westmorland	47697	WMF Vane	Conservative	23227	Cumbria	North
		PN Wilson	Labour	9119
		AGD Acland	Liberal	7493

Weston-Super-Mare	58241	IL Orr-Ewing	Conservative	30485	Bristol Area	West
		RG Andrews	Labour	15942

Whitehaven	45963	F Anderson	Labour	23190	Cumbria	North
		GW Iredell	Conservative	15990

Widnes	45761	JE MacColl	Labour	21688	Cheshire	Severn
		FH Wilson	Conservative	18315

Wigan	59318	RW Williams	Labour	34530	Western Manchester	Greater Manchester
		DC Walls	Conservative	17078

Willesden East	62962	M Orbach	Labour	26695	Brent	North London
		RE Simms	Conservative	24827

Willesden West	66417	SP Viant	Labour	35296	Brent	North London
		JL Bott	Conservative	19632

Wimbledon	77067	CW Black	Conservative	42218	Merton	South London
		CH Ford	Labour	21242

Winchester	67080	PHBO Smithers	Conservative	31700	Hampshire	South
		EC Neate	Labour	24418

Windsor	52640	CE Mott-Radclyffe	Conservative	25612	Berkshire	South
		M Nicholson	Labour	15977

Wirral	61197	JSB Lloyd	Conservative	32631	Merseyside	Lancashire
		RB Chrimes	Labour	17392

Woking	51867	HA Watkinson	Conservative	26522	Surrey	South
		WE Wolff	Labour	14313

Wokingham	45239	PF Remnant	Conservative	21652	Berkshire	South
		EA Hubble	Labour	10606
		J McQuade	Liberal	3233

Wolverhampton North East	60808	J Baird	Labour	30643	West Midlands	West Midlands
		JPJ Ellis	Conservative and National Liberal	18563

Wolverhampton South West	51124	JE Powell	Conservative	23660	West Midlands	West Midlands
		PL Davies	Labour	20464

Woodford	77975	WS Churchill	Conservative	40938	Waltham Forest	North London
		WA Archer	Labour	22359
		JR Campbell	Communist	871
		A Hancock	Independent	851

Wood Green	66586	WJ Irving	Labour	30360	Haringey	North London
		BG Irving	Conservative	24060

Woolwich East	51679	CP Mayhew	Labour	26982	Greenwich	South London
		RJ Harvey	Conservative	15420

Woolwich West	54226	WA Steward	Conservative	23385	Greenwich	South London
		JE Silkin	Labour	22041
		D Phillips	Liberal	2040

Worcester	57192	GR Ward	Conservative	26060	Hereford and Worcestershire	Severn
		LV Pike	Labour	20909

Worcestershire South	54883	R De la Bre	Conservative	27229	Hereford and Worcestershire	Severn
		JPT Hopwood	Labour	14434

Workington	49291	TF Peart	Labour	25893	Cumbria	North
		H Fox	Conservative	17249

Worthing	54125	OL Prior-Palmer	Conservative	32302	West Sussex	South East
		GW Reynolds	Labour	10978

Wrekin, The	46254	IO Thomas	Labour	20109	Shropshire	Severn
		JH Cordle	Conservative	18305

Wrexham	64736	R Richards	Labour	33759	Clwyd	Wales
		WG Cooper	Conservative and National Liberal	19124
		AD Thomas	Plaid Cymru	1997

Wycombe	60799	WW Astor	Conservative	27084	Buckinghamshire	Essex
		JE Haire	Labour	25331

Yarmouth	52060	A Fell	Conservative	22180	Norfolk	East Anglia
		E Kinghorn	Labour	21165

Yeovil	57525	JWW Peyton	Conservative	23701	Somerset	South West
		M Murray	Labour	20780
		ML Winsor	Liberal	6118

York	74829	HBH Hylton-Foster	Conservative	32777	North Yorkshire	Yorkshire
		TC Skeffington-Lodge	Labour	31856
